{
    "name": "Hillside 52",
    "vendorId": "0x4D4D",
    "productId": "0x4852",
    "lighting": "none",
    "matrix": {"rows": 10, "cols": 6},

    "layouts": {
        "keymap": [
  [
    {
      "x": 3
    },
    "0,3",
    {
      "x": 7.5
    },
    "5,3"
  ],
  [
    {
      "y": -0.6799999999999999,
      "x": 4
    },
    "0,4",
    {
      "x": 5.5
    },
    "5,4"
  ],
  [
    {
      "y": -0.8500000000000001,
      "x": 5
    },
    "0,5",
    {
      "x": 3.5
    },
    "5,5"
  ],
  [
    {
      "y": -0.47,
      "x": 3
    },
    "1,3",
    {
      "x": 7.5
    },
    "6,3"
  ],
  [
    {
      "y": -0.6799999999999999,
      "x": 4
    },
    "1,4",
    {
      "x": 5.5
    },
    "6,4"
  ],
  [
    {
      "y": -0.8500000000000003,
      "x": 5
    },
    "1,5",
    {
      "x": 3.5
    },
    "6,5"
  ],
  [
    {
      "y": -0.46999999999999975,
      "x": 3
    },
    "2,3",
    {
      "x": 7.5
    },
    "7,3"
  ],
  [
    {
      "y": -0.6800000000000002,
      "x": 4
    },
    "2,4",
    {
      "x": 5.5
    },
    "7,4"
  ],
  [
    {
      "y": -0.8499999999999996,
      "x": 5
    },
    "2,5",
    {
      "x": 3.5
    },
    "7,5"
  ],
  [
    {
      "rx": 3.92,
      "ry": 8.1,
      "y": -4.779999999999999,
      "x": -0.5
    },
    "4,1"
  ],
  [
    {
      "rx": 11.6,
      "y": -4.779999999999999,
      "x": -0.5
    },
    "9,1"
  ],
  [
    {
      "r": 5,
      "rx": 12.5,
      "ry": 3,
      "y": -2.59
    },
    "5,2"
  ],
  [
    {
      "y": -2.220446049250313e-16
    },
    "6,2"
  ],
  [
    "7,2"
  ],
  [
    {
      "r": 10,
      "rx": 13.5,
      "ry": 3.5,
      "y": -2.38
    },
    "5,1",
    "5,0"
  ],
  [
    "6,1",
    "6,0"
  ],
  [
    "7,1",
    "7,0"
  ],
  [
    {
      "x": -1
    },
    "8,2",
    "8,1",
    "8,0"
  ],
  [
    {
      "r": 15,
      "rx": 3.92,
      "ry": 8.1,
      "y": -4.779999999999999,
      "x": -0.5
    },
    "4,2"
  ],
  [
    {
      "r": 30,
      "y": -2.0000000000000004,
      "x": -0.5
    },
    "4,5"
  ],
  [
    {
      "x": -0.5
    },
    "4,3"
  ],
  [
    {
      "r": 45,
      "y": -1.0000000000000004,
      "x": -0.5
    },
    "4,4"
  ],
  [
    {
      "r": -45,
      "rx": 11.6,
      "y": -4.779999999999999,
      "x": -0.5
    },
    "9,4"
  ],
  [
    {
      "r": -30,
      "y": -2.0000000000000004,
      "x": -0.5
    },
    "9,5"
  ],
  [
    {
      "x": -0.5
    },
    "9,3"
  ],
  [
    {
      "r": -15,
      "y": -1.0000000000000004,
      "x": -0.5
    },
    "9,2"
  ],
  [
    {
      "r": -10,
      "rx": 2,
      "ry": 3.5,
      "y": -2.38,
      "x": -2
    },
    "0,0",
    "0,1"
  ],
  [
    {
      "x": -2
    },
    "1,0",
    "1,1"
  ],
  [
    {
      "x": -2
    },
    "2,0",
    "2,1"
  ],
  [
    {
      "x": -2
    },
    "3,0",
    "3,1",
    "3,2"
  ],
  [
    {
      "r": -5,
      "rx": 3,
      "ry": 3,
      "y": -2.59,
      "x": -1
    },
    "0,2"
  ],
  [
    {
      "y": -2.220446049250313e-16,
      "x": -1
    },
    "1,2"
  ],
  [
    {
      "x": -1
    },
    "2,2"
  ]
]
}
}

